"ID";"Bezeichner";"Footprint";"Stückzahl";"Bezeichnung";"Anbieter und Referenz";
1;"D8,D11,D14,D13,D16,D12,D15,D7,D3,D9,D17,D10,D4,D18,D6,D5,D2,D1";"LED_0402_1005Metric";18;"white";;;
2;"D19";"SOT-723";1;"NSVBAS21M3T5G";;;
3;"U4";"DFN-6-1EP_2x2mm_P0.65mm_EP1x1.6mm";1;"WS4518D";;;
4;"R4,R1";"R_0402_1005Metric";2;"33k";;;
5;"C7,C11,C3,C6,C4";"C_0402_1005Metric";5;"2.2uF";;;
6;"C9,C5,C1,C10,C8,C2,C12";"C_0402_1005Metric";7;"100nF";;;
7;"U2,U8";"UDFN-4-1EP_1x1mm_P0.65mm_EP0.48x0.48mm";2;"LW5228N11E";;;
8;"R3,R2";"R_0402_1005Metric";2;"1M";;;
9;"Q2";"DFN-3_1.0x0.6mm_P0.35mm";1;"TPM2008EP3BSS138";;;
10;"R5,R6";"R_0402_1005Metric";2;"4k7";;;
11;"U6";"DFN-8-1EP_2x3mm_P0.5mm_EP0.61x2.2mm";1;"24LC512_Pad";;;
12;"U5";"UDFN-4-1EP_1x1mm_P0.65mm_EP0.48x0.48mm";1;"AP6683";;;
13;"BZ1";"FUET-4020";1;"FUET-4020";;;
14;"U7";"ZTS6117H";1;"ZTS6117H";;;
15;"U3";"QFN-28-1EP_4x4mm_P0.4mm_EP2.6x2.6mm";1;"CH32V203G6U6";;;
16;"U1";"QFN-28-1EP_4x4mm_P0.4mm_EP2.4x2.4mm";1;"IS31FL3208A-QFLS4";;;
17;"SW3";"MINI MSK12CO2";1;"MINI MSK12CO2";;;
18;"SW2,SW1";"GT-TC048D-H025-L1";2;"SW_Push_Open";;;
19;"J1";"pogo_conn_02x03_P2.0mm";1;"Conn_02x03_Odd_Even";;;
20;"BT1";"BS-08-B2BA004";1;"BS-08-B2BA004";;;
